{
  "n_prompts": 50,
  "max_new_tokens": 100,
  "batch_size": 8,
  "results": {
    "serial": {
      "time": 48.76277041435242,
      "gen_tokens": 3552,
      "qps": 1.0253724219344893,
      "tps": 72.84245685422613
    },
    "batch": {
      "time": 12.732264995574951,
      "gen_tokens": 3687,
      "qps": 3.9270310520066385,
      "tps": 289.57926977496953
    },
    "vllm": {
      "time": 0.8880925178527832,
      "gen_tokens": 3492,
      "qps": 56.30044054519146,
      "tps": 3932.022767676171
    }
  }
}